lipid_class,headgroup_mass,FA_number
TG,41.039125,3
DG,58.041865,2
PC,223.09745,2
PA,138.00825,2
PE,181.05045,2
PS,225.0404,2
PG,212.04505,2
PI,300.06115,2
PIP,380.02745,2
PIP2,459.99375,2
PIP3,539.96005,2
LysoPC,240.10019,1
DG-H20,40.0313,2
CE,369.3516,1
FFA,1.007825,1
SM,166.08675,2
Cer,1.0312,2
